{"frames": {

"circle-icon":
{
	"frame": {"x":0,"y":360,"w":500,"h":500},
	"rotated": false,
	"trimmed": false,
	"spriteSourceSize": {"x":0,"y":0,"w":500,"h":500},
	"sourceSize": {"w":500,"h":500}
},
"minus-icon":
{
	"frame": {"x":500,"y":360,"w":448,"h":512},
	"rotated": false,
	"trimmed": false,
	"spriteSourceSize": {"x":0,"y":0,"w":448,"h":512},
	"sourceSize": {"w":448,"h":512}
},
"plus-icon":
{
	"frame": {"x":0,"y":872,"w":448,"h":512},
	"rotated": false,
	"trimmed": false,
	"spriteSourceSize": {"x":0,"y":0,"w":448,"h":512},
	"sourceSize": {"w":448,"h":512}
},
"spin-icon":
{
	"frame": {"x":260,"y":0,"w":360,"h":360},
	"rotated": false,
	"trimmed": false,
	"spriteSourceSize": {"x":0,"y":0,"w":360,"h":360},
	"sourceSize": {"w":360,"h":360}
},
"stop-icon":
{
	"frame": {"x":0,"y":0,"w":260,"h":260},
	"rotated": false,
	"trimmed": false,
	"spriteSourceSize": {"x":0,"y":0,"w":260,"h":260},
	"sourceSize": {"w":260,"h":260}
},
"xmark-icon":
{
	"frame": {"x":448,"y":872,"w":320,"h":512},
	"rotated": false,
	"trimmed": false,
	"spriteSourceSize": {"x":0,"y":0,"w":320,"h":512},
	"sourceSize": {"w":320,"h":512}
}},
"meta": {
	"app": "https://www.codeandweb.com/texturepacker",
	"version": "1.1",
	"image": "controls-spritesheet.png",
	"format": "RGBA8888",
	"size": {"w":948,"h":1384},
	"scale": "1",
	"smartupdate": "$TexturePacker:SmartUpdate:f576cc963d58bc3bbe41a4859bc58f84:93acb55f747cef1ffa824798ec90dce7:74213ed2a0bb92cd1a41d5007cc9310f$"
}
}
