{"frames": {

"symbol10_00.png":
{
	"frame": {"x":0,"y":0,"w":223,"h":223},
	"rotated": false,
	"trimmed": false,
	"spriteSourceSize": {"x":0,"y":0,"w":223,"h":223},
	"sourceSize": {"w":223,"h":223}
},
"symbol10_01.png":
{
	"frame": {"x":223,"y":0,"w":223,"h":223},
	"rotated": false,
	"trimmed": false,
	"spriteSourceSize": {"x":0,"y":0,"w":223,"h":223},
	"sourceSize": {"w":223,"h":223}
},
"symbol10_02.png":
{
	"frame": {"x":446,"y":0,"w":223,"h":223},
	"rotated": false,
	"trimmed": false,
	"spriteSourceSize": {"x":0,"y":0,"w":223,"h":223},
	"sourceSize": {"w":223,"h":223}
},
"symbol10_03.png":
{
	"frame": {"x":669,"y":0,"w":223,"h":223},
	"rotated": false,
	"trimmed": false,
	"spriteSourceSize": {"x":0,"y":0,"w":223,"h":223},
	"sourceSize": {"w":223,"h":223}
},
"symbol10_04.png":
{
	"frame": {"x":892,"y":0,"w":223,"h":223},
	"rotated": false,
	"trimmed": false,
	"spriteSourceSize": {"x":0,"y":0,"w":223,"h":223},
	"sourceSize": {"w":223,"h":223}
},
"symbol10_05.png":
{
	"frame": {"x":1115,"y":0,"w":223,"h":223},
	"rotated": false,
	"trimmed": false,
	"spriteSourceSize": {"x":0,"y":0,"w":223,"h":223},
	"sourceSize": {"w":223,"h":223}
},
"symbol10_06.png":
{
	"frame": {"x":1338,"y":0,"w":223,"h":223},
	"rotated": false,
	"trimmed": false,
	"spriteSourceSize": {"x":0,"y":0,"w":223,"h":223},
	"sourceSize": {"w":223,"h":223}
},
"symbol10_07.png":
{
	"frame": {"x":1561,"y":0,"w":223,"h":223},
	"rotated": false,
	"trimmed": false,
	"spriteSourceSize": {"x":0,"y":0,"w":223,"h":223},
	"sourceSize": {"w":223,"h":223}
},
"symbol10_08.png":
{
	"frame": {"x":1784,"y":0,"w":223,"h":223},
	"rotated": false,
	"trimmed": false,
	"spriteSourceSize": {"x":0,"y":0,"w":223,"h":223},
	"sourceSize": {"w":223,"h":223}
},
"symbol10_09.png":
{
	"frame": {"x":0,"y":223,"w":223,"h":223},
	"rotated": false,
	"trimmed": false,
	"spriteSourceSize": {"x":0,"y":0,"w":223,"h":223},
	"sourceSize": {"w":223,"h":223}
},
"symbol10_10.png":
{
	"frame": {"x":223,"y":223,"w":223,"h":223},
	"rotated": false,
	"trimmed": false,
	"spriteSourceSize": {"x":0,"y":0,"w":223,"h":223},
	"sourceSize": {"w":223,"h":223}
},
"symbol10_11.png":
{
	"frame": {"x":446,"y":223,"w":223,"h":223},
	"rotated": false,
	"trimmed": false,
	"spriteSourceSize": {"x":0,"y":0,"w":223,"h":223},
	"sourceSize": {"w":223,"h":223}
},
"symbol10_12.png":
{
	"frame": {"x":669,"y":223,"w":223,"h":223},
	"rotated": false,
	"trimmed": false,
	"spriteSourceSize": {"x":0,"y":0,"w":223,"h":223},
	"sourceSize": {"w":223,"h":223}
},
"symbol10_13.png":
{
	"frame": {"x":892,"y":223,"w":223,"h":223},
	"rotated": false,
	"trimmed": false,
	"spriteSourceSize": {"x":0,"y":0,"w":223,"h":223},
	"sourceSize": {"w":223,"h":223}
},
"symbol10_14.png":
{
	"frame": {"x":1115,"y":223,"w":223,"h":223},
	"rotated": false,
	"trimmed": false,
	"spriteSourceSize": {"x":0,"y":0,"w":223,"h":223},
	"sourceSize": {"w":223,"h":223}
},
"symbol10_15.png":
{
	"frame": {"x":1338,"y":223,"w":223,"h":223},
	"rotated": false,
	"trimmed": false,
	"spriteSourceSize": {"x":0,"y":0,"w":223,"h":223},
	"sourceSize": {"w":223,"h":223}
},
"symbol10_16.png":
{
	"frame": {"x":1561,"y":223,"w":223,"h":223},
	"rotated": false,
	"trimmed": false,
	"spriteSourceSize": {"x":0,"y":0,"w":223,"h":223},
	"sourceSize": {"w":223,"h":223}
},
"symbol10_17.png":
{
	"frame": {"x":1784,"y":223,"w":223,"h":223},
	"rotated": false,
	"trimmed": false,
	"spriteSourceSize": {"x":0,"y":0,"w":223,"h":223},
	"sourceSize": {"w":223,"h":223}
},
"symbol10_18.png":
{
	"frame": {"x":0,"y":446,"w":223,"h":223},
	"rotated": false,
	"trimmed": false,
	"spriteSourceSize": {"x":0,"y":0,"w":223,"h":223},
	"sourceSize": {"w":223,"h":223}
},
"symbol10_19.png":
{
	"frame": {"x":223,"y":446,"w":223,"h":223},
	"rotated": false,
	"trimmed": false,
	"spriteSourceSize": {"x":0,"y":0,"w":223,"h":223},
	"sourceSize": {"w":223,"h":223}
},
"symbol10_20.png":
{
	"frame": {"x":446,"y":446,"w":223,"h":223},
	"rotated": false,
	"trimmed": false,
	"spriteSourceSize": {"x":0,"y":0,"w":223,"h":223},
	"sourceSize": {"w":223,"h":223}
},
"symbol10_21.png":
{
	"frame": {"x":669,"y":446,"w":223,"h":223},
	"rotated": false,
	"trimmed": false,
	"spriteSourceSize": {"x":0,"y":0,"w":223,"h":223},
	"sourceSize": {"w":223,"h":223}
},
"symbol10_22.png":
{
	"frame": {"x":892,"y":446,"w":223,"h":223},
	"rotated": false,
	"trimmed": false,
	"spriteSourceSize": {"x":0,"y":0,"w":223,"h":223},
	"sourceSize": {"w":223,"h":223}
},
"symbol10_23.png":
{
	"frame": {"x":1115,"y":446,"w":223,"h":223},
	"rotated": false,
	"trimmed": false,
	"spriteSourceSize": {"x":0,"y":0,"w":223,"h":223},
	"sourceSize": {"w":223,"h":223}
},
"symbol10_24.png":
{
	"frame": {"x":1338,"y":446,"w":223,"h":223},
	"rotated": false,
	"trimmed": false,
	"spriteSourceSize": {"x":0,"y":0,"w":223,"h":223},
	"sourceSize": {"w":223,"h":223}
},
"symbol10_25.png":
{
	"frame": {"x":1561,"y":446,"w":223,"h":223},
	"rotated": false,
	"trimmed": false,
	"spriteSourceSize": {"x":0,"y":0,"w":223,"h":223},
	"sourceSize": {"w":223,"h":223}
},
"symbol10_26.png":
{
	"frame": {"x":1784,"y":446,"w":223,"h":223},
	"rotated": false,
	"trimmed": false,
	"spriteSourceSize": {"x":0,"y":0,"w":223,"h":223},
	"sourceSize": {"w":223,"h":223}
},
"symbol10_27.png":
{
	"frame": {"x":0,"y":669,"w":223,"h":223},
	"rotated": false,
	"trimmed": false,
	"spriteSourceSize": {"x":0,"y":0,"w":223,"h":223},
	"sourceSize": {"w":223,"h":223}
},
"symbol10_28.png":
{
	"frame": {"x":223,"y":669,"w":223,"h":223},
	"rotated": false,
	"trimmed": false,
	"spriteSourceSize": {"x":0,"y":0,"w":223,"h":223},
	"sourceSize": {"w":223,"h":223}
},
"symbol10_29.png":
{
	"frame": {"x":446,"y":669,"w":223,"h":223},
	"rotated": false,
	"trimmed": false,
	"spriteSourceSize": {"x":0,"y":0,"w":223,"h":223},
	"sourceSize": {"w":223,"h":223}
},
"symbol10_30.png":
{
	"frame": {"x":669,"y":669,"w":223,"h":223},
	"rotated": false,
	"trimmed": false,
	"spriteSourceSize": {"x":0,"y":0,"w":223,"h":223},
	"sourceSize": {"w":223,"h":223}
},
"symbol10_31.png":
{
	"frame": {"x":892,"y":669,"w":223,"h":223},
	"rotated": false,
	"trimmed": false,
	"spriteSourceSize": {"x":0,"y":0,"w":223,"h":223},
	"sourceSize": {"w":223,"h":223}
},
"symbol10_32.png":
{
	"frame": {"x":1115,"y":669,"w":223,"h":223},
	"rotated": false,
	"trimmed": false,
	"spriteSourceSize": {"x":0,"y":0,"w":223,"h":223},
	"sourceSize": {"w":223,"h":223}
}},
"animations": {
	"symbol10": ["symbol10_00.png","symbol10_01.png","symbol10_02.png","symbol10_03.png","symbol10_04.png","symbol10_05.png","symbol10_06.png","symbol10_07.png","symbol10_08.png","symbol10_09.png","symbol10_10.png","symbol10_11.png","symbol10_12.png","symbol10_13.png","symbol10_14.png","symbol10_15.png","symbol10_16.png","symbol10_17.png","symbol10_18.png","symbol10_19.png","symbol10_20.png","symbol10_21.png","symbol10_22.png","symbol10_23.png","symbol10_24.png","symbol10_25.png","symbol10_26.png","symbol10_27.png","symbol10_28.png","symbol10_29.png","symbol10_30.png","symbol10_31.png","symbol10_32.png"]
},
"meta": {
	"app": "https://www.codeandweb.com/texturepacker",
	"version": "1.1",
	"image": "symbol-10-animation-spritesheet.png",
	"format": "RGBA8888",
	"size": {"w":2007,"h":892},
	"scale": "1",
	"smartupdate": "$TexturePacker:SmartUpdate:f0f16ffdbb8e4d7f8303988eb557eee8:a02fce0c3b3549177e44ddb03dbea6f3:64e1dbb45486d8f7c3c8c10f0374bed9$"
}
}
